run_id,scenario,artifact_dir,gate_verdict,expected_verdict,gate_matches_rubric
abr-valid_co-0001,valid_complete_trace,/Users/monikadvorackova/projekty/aigov-compliance-engine/aigov-compliance-engine/experiments/output/artifact_bundle_replay_artifacts/valid_complete_trace/rep_00_abr-valid_co-0001,VALID,VALID,True
abr-valid_co-0002,valid_complete_trace,/Users/monikadvorackova/projekty/aigov-compliance-engine/aigov-compliance-engine/experiments/output/artifact_bundle_replay_artifacts/valid_complete_trace/rep_01_abr-valid_co-0002,VALID,VALID,True
abr-valid_co-0003,valid_complete_trace,/Users/monikadvorackova/projekty/aigov-compliance-engine/aigov-compliance-engine/experiments/output/artifact_bundle_replay_artifacts/valid_complete_trace/rep_02_abr-valid_co-0003,VALID,VALID,True
abr-valid_co-0004,valid_complete_trace,/Users/monikadvorackova/projekty/aigov-compliance-engine/aigov-compliance-engine/experiments/output/artifact_bundle_replay_artifacts/valid_complete_trace/rep_03_abr-valid_co-0004,VALID,VALID,True
abr-valid_co-0005,valid_complete_trace,/Users/monikadvorackova/projekty/aigov-compliance-engine/aigov-compliance-engine/experiments/output/artifact_bundle_replay_artifacts/valid_complete_trace/rep_04_abr-valid_co-0005,VALID,VALID,True
abr-valid_co-0006,valid_complete_trace,/Users/monikadvorackova/projekty/aigov-compliance-engine/aigov-compliance-engine/experiments/output/artifact_bundle_replay_artifacts/valid_complete_trace/rep_05_abr-valid_co-0006,VALID,VALID,True
abr-valid_co-0007,valid_complete_trace,/Users/monikadvorackova/projekty/aigov-compliance-engine/aigov-compliance-engine/experiments/output/artifact_bundle_replay_artifacts/valid_complete_trace/rep_06_abr-valid_co-0007,VALID,VALID,True
abr-valid_co-0008,valid_complete_trace,/Users/monikadvorackova/projekty/aigov-compliance-engine/aigov-compliance-engine/experiments/output/artifact_bundle_replay_artifacts/valid_complete_trace/rep_07_abr-valid_co-0008,VALID,VALID,True
abr-valid_co-0009,valid_complete_trace,/Users/monikadvorackova/projekty/aigov-compliance-engine/aigov-compliance-engine/experiments/output/artifact_bundle_replay_artifacts/valid_complete_trace/rep_08_abr-valid_co-0009,VALID,VALID,True
abr-valid_co-0010,valid_complete_trace,/Users/monikadvorackova/projekty/aigov-compliance-engine/aigov-compliance-engine/experiments/output/artifact_bundle_replay_artifacts/valid_complete_trace/rep_09_abr-valid_co-0010,VALID,VALID,True
abr-valid_co-0011,valid_complete_trace,/Users/monikadvorackova/projekty/aigov-compliance-engine/aigov-compliance-engine/experiments/output/artifact_bundle_replay_artifacts/valid_complete_trace/rep_10_abr-valid_co-0011,VALID,VALID,True
abr-valid_co-0012,valid_complete_trace,/Users/monikadvorackova/projekty/aigov-compliance-engine/aigov-compliance-engine/experiments/output/artifact_bundle_replay_artifacts/valid_complete_trace/rep_11_abr-valid_co-0012,VALID,VALID,True
abr-valid_co-0013,valid_complete_trace,/Users/monikadvorackova/projekty/aigov-compliance-engine/aigov-compliance-engine/experiments/output/artifact_bundle_replay_artifacts/valid_complete_trace/rep_12_abr-valid_co-0013,VALID,VALID,True
abr-valid_co-0014,valid_complete_trace,/Users/monikadvorackova/projekty/aigov-compliance-engine/aigov-compliance-engine/experiments/output/artifact_bundle_replay_artifacts/valid_complete_trace/rep_13_abr-valid_co-0014,VALID,VALID,True
abr-valid_co-0015,valid_complete_trace,/Users/monikadvorackova/projekty/aigov-compliance-engine/aigov-compliance-engine/experiments/output/artifact_bundle_replay_artifacts/valid_complete_trace/rep_14_abr-valid_co-0015,VALID,VALID,True
abr-valid_co-0016,valid_complete_trace,/Users/monikadvorackova/projekty/aigov-compliance-engine/aigov-compliance-engine/experiments/output/artifact_bundle_replay_artifacts/valid_complete_trace/rep_15_abr-valid_co-0016,VALID,VALID,True
abr-valid_co-0017,valid_complete_trace,/Users/monikadvorackova/projekty/aigov-compliance-engine/aigov-compliance-engine/experiments/output/artifact_bundle_replay_artifacts/valid_complete_trace/rep_16_abr-valid_co-0017,VALID,VALID,True
abr-valid_co-0018,valid_complete_trace,/Users/monikadvorackova/projekty/aigov-compliance-engine/aigov-compliance-engine/experiments/output/artifact_bundle_replay_artifacts/valid_complete_trace/rep_17_abr-valid_co-0018,VALID,VALID,True
abr-valid_co-0019,valid_complete_trace,/Users/monikadvorackova/projekty/aigov-compliance-engine/aigov-compliance-engine/experiments/output/artifact_bundle_replay_artifacts/valid_complete_trace/rep_18_abr-valid_co-0019,VALID,VALID,True
abr-valid_co-0020,valid_complete_trace,/Users/monikadvorackova/projekty/aigov-compliance-engine/aigov-compliance-engine/experiments/output/artifact_bundle_replay_artifacts/valid_complete_trace/rep_19_abr-valid_co-0020,VALID,VALID,True
abr-valid_co-0021,valid_complete_trace,/Users/monikadvorackova/projekty/aigov-compliance-engine/aigov-compliance-engine/experiments/output/artifact_bundle_replay_artifacts/valid_complete_trace/rep_20_abr-valid_co-0021,VALID,VALID,True
abr-valid_co-0022,valid_complete_trace,/Users/monikadvorackova/projekty/aigov-compliance-engine/aigov-compliance-engine/experiments/output/artifact_bundle_replay_artifacts/valid_complete_trace/rep_21_abr-valid_co-0022,VALID,VALID,True
abr-valid_co-0023,valid_complete_trace,/Users/monikadvorackova/projekty/aigov-compliance-engine/aigov-compliance-engine/experiments/output/artifact_bundle_replay_artifacts/valid_complete_trace/rep_22_abr-valid_co-0023,VALID,VALID,True
abr-valid_co-0024,valid_complete_trace,/Users/monikadvorackova/projekty/aigov-compliance-engine/aigov-compliance-engine/experiments/output/artifact_bundle_replay_artifacts/valid_complete_trace/rep_23_abr-valid_co-0024,VALID,VALID,True
abr-valid_co-0025,valid_complete_trace,/Users/monikadvorackova/projekty/aigov-compliance-engine/aigov-compliance-engine/experiments/output/artifact_bundle_replay_artifacts/valid_complete_trace/rep_24_abr-valid_co-0025,VALID,VALID,True
abr-digest_m-0026,digest_mismatch_events_only,/Users/monikadvorackova/projekty/aigov-compliance-engine/aigov-compliance-engine/experiments/output/artifact_bundle_replay_artifacts/digest_mismatch_events_only/rep_00_abr-digest_m-0026,BLOCKED,BLOCKED,True
abr-digest_m-0027,digest_mismatch_events_only,/Users/monikadvorackova/projekty/aigov-compliance-engine/aigov-compliance-engine/experiments/output/artifact_bundle_replay_artifacts/digest_mismatch_events_only/rep_01_abr-digest_m-0027,BLOCKED,BLOCKED,True
abr-digest_m-0028,digest_mismatch_events_only,/Users/monikadvorackova/projekty/aigov-compliance-engine/aigov-compliance-engine/experiments/output/artifact_bundle_replay_artifacts/digest_mismatch_events_only/rep_02_abr-digest_m-0028,BLOCKED,BLOCKED,True
abr-digest_m-0029,digest_mismatch_events_only,/Users/monikadvorackova/projekty/aigov-compliance-engine/aigov-compliance-engine/experiments/output/artifact_bundle_replay_artifacts/digest_mismatch_events_only/rep_03_abr-digest_m-0029,BLOCKED,BLOCKED,True
abr-digest_m-0030,digest_mismatch_events_only,/Users/monikadvorackova/projekty/aigov-compliance-engine/aigov-compliance-engine/experiments/output/artifact_bundle_replay_artifacts/digest_mismatch_events_only/rep_04_abr-digest_m-0030,BLOCKED,BLOCKED,True
abr-digest_m-0031,digest_mismatch_events_only,/Users/monikadvorackova/projekty/aigov-compliance-engine/aigov-compliance-engine/experiments/output/artifact_bundle_replay_artifacts/digest_mismatch_events_only/rep_05_abr-digest_m-0031,BLOCKED,BLOCKED,True
abr-digest_m-0032,digest_mismatch_events_only,/Users/monikadvorackova/projekty/aigov-compliance-engine/aigov-compliance-engine/experiments/output/artifact_bundle_replay_artifacts/digest_mismatch_events_only/rep_06_abr-digest_m-0032,BLOCKED,BLOCKED,True
abr-digest_m-0033,digest_mismatch_events_only,/Users/monikadvorackova/projekty/aigov-compliance-engine/aigov-compliance-engine/experiments/output/artifact_bundle_replay_artifacts/digest_mismatch_events_only/rep_07_abr-digest_m-0033,BLOCKED,BLOCKED,True
abr-digest_m-0034,digest_mismatch_events_only,/Users/monikadvorackova/projekty/aigov-compliance-engine/aigov-compliance-engine/experiments/output/artifact_bundle_replay_artifacts/digest_mismatch_events_only/rep_08_abr-digest_m-0034,BLOCKED,BLOCKED,True
abr-digest_m-0035,digest_mismatch_events_only,/Users/monikadvorackova/projekty/aigov-compliance-engine/aigov-compliance-engine/experiments/output/artifact_bundle_replay_artifacts/digest_mismatch_events_only/rep_09_abr-digest_m-0035,BLOCKED,BLOCKED,True
abr-digest_m-0036,digest_mismatch_events_only,/Users/monikadvorackova/projekty/aigov-compliance-engine/aigov-compliance-engine/experiments/output/artifact_bundle_replay_artifacts/digest_mismatch_events_only/rep_10_abr-digest_m-0036,BLOCKED,BLOCKED,True
abr-digest_m-0037,digest_mismatch_events_only,/Users/monikadvorackova/projekty/aigov-compliance-engine/aigov-compliance-engine/experiments/output/artifact_bundle_replay_artifacts/digest_mismatch_events_only/rep_11_abr-digest_m-0037,BLOCKED,BLOCKED,True
abr-digest_m-0038,digest_mismatch_events_only,/Users/monikadvorackova/projekty/aigov-compliance-engine/aigov-compliance-engine/experiments/output/artifact_bundle_replay_artifacts/digest_mismatch_events_only/rep_12_abr-digest_m-0038,BLOCKED,BLOCKED,True
abr-digest_m-0039,digest_mismatch_events_only,/Users/monikadvorackova/projekty/aigov-compliance-engine/aigov-compliance-engine/experiments/output/artifact_bundle_replay_artifacts/digest_mismatch_events_only/rep_13_abr-digest_m-0039,BLOCKED,BLOCKED,True
abr-digest_m-0040,digest_mismatch_events_only,/Users/monikadvorackova/projekty/aigov-compliance-engine/aigov-compliance-engine/experiments/output/artifact_bundle_replay_artifacts/digest_mismatch_events_only/rep_14_abr-digest_m-0040,BLOCKED,BLOCKED,True
abr-digest_m-0041,digest_mismatch_events_only,/Users/monikadvorackova/projekty/aigov-compliance-engine/aigov-compliance-engine/experiments/output/artifact_bundle_replay_artifacts/digest_mismatch_events_only/rep_15_abr-digest_m-0041,BLOCKED,BLOCKED,True
abr-digest_m-0042,digest_mismatch_events_only,/Users/monikadvorackova/projekty/aigov-compliance-engine/aigov-compliance-engine/experiments/output/artifact_bundle_replay_artifacts/digest_mismatch_events_only/rep_16_abr-digest_m-0042,BLOCKED,BLOCKED,True
abr-digest_m-0043,digest_mismatch_events_only,/Users/monikadvorackova/projekty/aigov-compliance-engine/aigov-compliance-engine/experiments/output/artifact_bundle_replay_artifacts/digest_mismatch_events_only/rep_17_abr-digest_m-0043,BLOCKED,BLOCKED,True
abr-digest_m-0044,digest_mismatch_events_only,/Users/monikadvorackova/projekty/aigov-compliance-engine/aigov-compliance-engine/experiments/output/artifact_bundle_replay_artifacts/digest_mismatch_events_only/rep_18_abr-digest_m-0044,BLOCKED,BLOCKED,True
abr-digest_m-0045,digest_mismatch_events_only,/Users/monikadvorackova/projekty/aigov-compliance-engine/aigov-compliance-engine/experiments/output/artifact_bundle_replay_artifacts/digest_mismatch_events_only/rep_19_abr-digest_m-0045,BLOCKED,BLOCKED,True
abr-digest_m-0046,digest_mismatch_events_only,/Users/monikadvorackova/projekty/aigov-compliance-engine/aigov-compliance-engine/experiments/output/artifact_bundle_replay_artifacts/digest_mismatch_events_only/rep_20_abr-digest_m-0046,BLOCKED,BLOCKED,True
abr-digest_m-0047,digest_mismatch_events_only,/Users/monikadvorackova/projekty/aigov-compliance-engine/aigov-compliance-engine/experiments/output/artifact_bundle_replay_artifacts/digest_mismatch_events_only/rep_21_abr-digest_m-0047,BLOCKED,BLOCKED,True
abr-digest_m-0048,digest_mismatch_events_only,/Users/monikadvorackova/projekty/aigov-compliance-engine/aigov-compliance-engine/experiments/output/artifact_bundle_replay_artifacts/digest_mismatch_events_only/rep_22_abr-digest_m-0048,BLOCKED,BLOCKED,True
abr-digest_m-0049,digest_mismatch_events_only,/Users/monikadvorackova/projekty/aigov-compliance-engine/aigov-compliance-engine/experiments/output/artifact_bundle_replay_artifacts/digest_mismatch_events_only/rep_23_abr-digest_m-0049,BLOCKED,BLOCKED,True
abr-digest_m-0050,digest_mismatch_events_only,/Users/monikadvorackova/projekty/aigov-compliance-engine/aigov-compliance-engine/experiments/output/artifact_bundle_replay_artifacts/digest_mismatch_events_only/rep_24_abr-digest_m-0050,BLOCKED,BLOCKED,True
abr-digest_m-0051,digest_mismatch_export_only,/Users/monikadvorackova/projekty/aigov-compliance-engine/aigov-compliance-engine/experiments/output/artifact_bundle_replay_artifacts/digest_mismatch_export_only/rep_00_abr-digest_m-0051,BLOCKED,BLOCKED,True
abr-digest_m-0052,digest_mismatch_export_only,/Users/monikadvorackova/projekty/aigov-compliance-engine/aigov-compliance-engine/experiments/output/artifact_bundle_replay_artifacts/digest_mismatch_export_only/rep_01_abr-digest_m-0052,BLOCKED,BLOCKED,True
abr-digest_m-0053,digest_mismatch_export_only,/Users/monikadvorackova/projekty/aigov-compliance-engine/aigov-compliance-engine/experiments/output/artifact_bundle_replay_artifacts/digest_mismatch_export_only/rep_02_abr-digest_m-0053,BLOCKED,BLOCKED,True
abr-digest_m-0054,digest_mismatch_export_only,/Users/monikadvorackova/projekty/aigov-compliance-engine/aigov-compliance-engine/experiments/output/artifact_bundle_replay_artifacts/digest_mismatch_export_only/rep_03_abr-digest_m-0054,BLOCKED,BLOCKED,True
abr-digest_m-0055,digest_mismatch_export_only,/Users/monikadvorackova/projekty/aigov-compliance-engine/aigov-compliance-engine/experiments/output/artifact_bundle_replay_artifacts/digest_mismatch_export_only/rep_04_abr-digest_m-0055,BLOCKED,BLOCKED,True
abr-digest_m-0056,digest_mismatch_export_only,/Users/monikadvorackova/projekty/aigov-compliance-engine/aigov-compliance-engine/experiments/output/artifact_bundle_replay_artifacts/digest_mismatch_export_only/rep_05_abr-digest_m-0056,BLOCKED,BLOCKED,True
abr-digest_m-0057,digest_mismatch_export_only,/Users/monikadvorackova/projekty/aigov-compliance-engine/aigov-compliance-engine/experiments/output/artifact_bundle_replay_artifacts/digest_mismatch_export_only/rep_06_abr-digest_m-0057,BLOCKED,BLOCKED,True
abr-digest_m-0058,digest_mismatch_export_only,/Users/monikadvorackova/projekty/aigov-compliance-engine/aigov-compliance-engine/experiments/output/artifact_bundle_replay_artifacts/digest_mismatch_export_only/rep_07_abr-digest_m-0058,BLOCKED,BLOCKED,True
abr-digest_m-0059,digest_mismatch_export_only,/Users/monikadvorackova/projekty/aigov-compliance-engine/aigov-compliance-engine/experiments/output/artifact_bundle_replay_artifacts/digest_mismatch_export_only/rep_08_abr-digest_m-0059,BLOCKED,BLOCKED,True
abr-digest_m-0060,digest_mismatch_export_only,/Users/monikadvorackova/projekty/aigov-compliance-engine/aigov-compliance-engine/experiments/output/artifact_bundle_replay_artifacts/digest_mismatch_export_only/rep_09_abr-digest_m-0060,BLOCKED,BLOCKED,True
abr-digest_m-0061,digest_mismatch_export_only,/Users/monikadvorackova/projekty/aigov-compliance-engine/aigov-compliance-engine/experiments/output/artifact_bundle_replay_artifacts/digest_mismatch_export_only/rep_10_abr-digest_m-0061,BLOCKED,BLOCKED,True
abr-digest_m-0062,digest_mismatch_export_only,/Users/monikadvorackova/projekty/aigov-compliance-engine/aigov-compliance-engine/experiments/output/artifact_bundle_replay_artifacts/digest_mismatch_export_only/rep_11_abr-digest_m-0062,BLOCKED,BLOCKED,True
abr-digest_m-0063,digest_mismatch_export_only,/Users/monikadvorackova/projekty/aigov-compliance-engine/aigov-compliance-engine/experiments/output/artifact_bundle_replay_artifacts/digest_mismatch_export_only/rep_12_abr-digest_m-0063,BLOCKED,BLOCKED,True
abr-digest_m-0064,digest_mismatch_export_only,/Users/monikadvorackova/projekty/aigov-compliance-engine/aigov-compliance-engine/experiments/output/artifact_bundle_replay_artifacts/digest_mismatch_export_only/rep_13_abr-digest_m-0064,BLOCKED,BLOCKED,True
abr-digest_m-0065,digest_mismatch_export_only,/Users/monikadvorackova/projekty/aigov-compliance-engine/aigov-compliance-engine/experiments/output/artifact_bundle_replay_artifacts/digest_mismatch_export_only/rep_14_abr-digest_m-0065,BLOCKED,BLOCKED,True
abr-digest_m-0066,digest_mismatch_export_only,/Users/monikadvorackova/projekty/aigov-compliance-engine/aigov-compliance-engine/experiments/output/artifact_bundle_replay_artifacts/digest_mismatch_export_only/rep_15_abr-digest_m-0066,BLOCKED,BLOCKED,True
abr-digest_m-0067,digest_mismatch_export_only,/Users/monikadvorackova/projekty/aigov-compliance-engine/aigov-compliance-engine/experiments/output/artifact_bundle_replay_artifacts/digest_mismatch_export_only/rep_16_abr-digest_m-0067,BLOCKED,BLOCKED,True
abr-digest_m-0068,digest_mismatch_export_only,/Users/monikadvorackova/projekty/aigov-compliance-engine/aigov-compliance-engine/experiments/output/artifact_bundle_replay_artifacts/digest_mismatch_export_only/rep_17_abr-digest_m-0068,BLOCKED,BLOCKED,True
abr-digest_m-0069,digest_mismatch_export_only,/Users/monikadvorackova/projekty/aigov-compliance-engine/aigov-compliance-engine/experiments/output/artifact_bundle_replay_artifacts/digest_mismatch_export_only/rep_18_abr-digest_m-0069,BLOCKED,BLOCKED,True
abr-digest_m-0070,digest_mismatch_export_only,/Users/monikadvorackova/projekty/aigov-compliance-engine/aigov-compliance-engine/experiments/output/artifact_bundle_replay_artifacts/digest_mismatch_export_only/rep_19_abr-digest_m-0070,BLOCKED,BLOCKED,True
abr-digest_m-0071,digest_mismatch_export_only,/Users/monikadvorackova/projekty/aigov-compliance-engine/aigov-compliance-engine/experiments/output/artifact_bundle_replay_artifacts/digest_mismatch_export_only/rep_20_abr-digest_m-0071,BLOCKED,BLOCKED,True
abr-digest_m-0072,digest_mismatch_export_only,/Users/monikadvorackova/projekty/aigov-compliance-engine/aigov-compliance-engine/experiments/output/artifact_bundle_replay_artifacts/digest_mismatch_export_only/rep_21_abr-digest_m-0072,BLOCKED,BLOCKED,True
abr-digest_m-0073,digest_mismatch_export_only,/Users/monikadvorackova/projekty/aigov-compliance-engine/aigov-compliance-engine/experiments/output/artifact_bundle_replay_artifacts/digest_mismatch_export_only/rep_22_abr-digest_m-0073,BLOCKED,BLOCKED,True
abr-digest_m-0074,digest_mismatch_export_only,/Users/monikadvorackova/projekty/aigov-compliance-engine/aigov-compliance-engine/experiments/output/artifact_bundle_replay_artifacts/digest_mismatch_export_only/rep_23_abr-digest_m-0074,BLOCKED,BLOCKED,True
abr-digest_m-0075,digest_mismatch_export_only,/Users/monikadvorackova/projekty/aigov-compliance-engine/aigov-compliance-engine/experiments/output/artifact_bundle_replay_artifacts/digest_mismatch_export_only/rep_24_abr-digest_m-0075,BLOCKED,BLOCKED,True
abr-missing_-0076,missing_evidence_pack,/Users/monikadvorackova/projekty/aigov-compliance-engine/aigov-compliance-engine/experiments/output/artifact_bundle_replay_artifacts/missing_evidence_pack/rep_00_abr-missing_-0076,BLOCKED,BLOCKED,True
abr-missing_-0077,missing_evidence_pack,/Users/monikadvorackova/projekty/aigov-compliance-engine/aigov-compliance-engine/experiments/output/artifact_bundle_replay_artifacts/missing_evidence_pack/rep_01_abr-missing_-0077,BLOCKED,BLOCKED,True
abr-missing_-0078,missing_evidence_pack,/Users/monikadvorackova/projekty/aigov-compliance-engine/aigov-compliance-engine/experiments/output/artifact_bundle_replay_artifacts/missing_evidence_pack/rep_02_abr-missing_-0078,BLOCKED,BLOCKED,True
abr-missing_-0079,missing_evidence_pack,/Users/monikadvorackova/projekty/aigov-compliance-engine/aigov-compliance-engine/experiments/output/artifact_bundle_replay_artifacts/missing_evidence_pack/rep_03_abr-missing_-0079,BLOCKED,BLOCKED,True
abr-missing_-0080,missing_evidence_pack,/Users/monikadvorackova/projekty/aigov-compliance-engine/aigov-compliance-engine/experiments/output/artifact_bundle_replay_artifacts/missing_evidence_pack/rep_04_abr-missing_-0080,BLOCKED,BLOCKED,True
abr-missing_-0081,missing_evidence_pack,/Users/monikadvorackova/projekty/aigov-compliance-engine/aigov-compliance-engine/experiments/output/artifact_bundle_replay_artifacts/missing_evidence_pack/rep_05_abr-missing_-0081,BLOCKED,BLOCKED,True
abr-missing_-0082,missing_evidence_pack,/Users/monikadvorackova/projekty/aigov-compliance-engine/aigov-compliance-engine/experiments/output/artifact_bundle_replay_artifacts/missing_evidence_pack/rep_06_abr-missing_-0082,BLOCKED,BLOCKED,True
abr-missing_-0083,missing_evidence_pack,/Users/monikadvorackova/projekty/aigov-compliance-engine/aigov-compliance-engine/experiments/output/artifact_bundle_replay_artifacts/missing_evidence_pack/rep_07_abr-missing_-0083,BLOCKED,BLOCKED,True
abr-missing_-0084,missing_evidence_pack,/Users/monikadvorackova/projekty/aigov-compliance-engine/aigov-compliance-engine/experiments/output/artifact_bundle_replay_artifacts/missing_evidence_pack/rep_08_abr-missing_-0084,BLOCKED,BLOCKED,True
abr-missing_-0085,missing_evidence_pack,/Users/monikadvorackova/projekty/aigov-compliance-engine/aigov-compliance-engine/experiments/output/artifact_bundle_replay_artifacts/missing_evidence_pack/rep_09_abr-missing_-0085,BLOCKED,BLOCKED,True
abr-missing_-0086,missing_evidence_pack,/Users/monikadvorackova/projekty/aigov-compliance-engine/aigov-compliance-engine/experiments/output/artifact_bundle_replay_artifacts/missing_evidence_pack/rep_10_abr-missing_-0086,BLOCKED,BLOCKED,True
abr-missing_-0087,missing_evidence_pack,/Users/monikadvorackova/projekty/aigov-compliance-engine/aigov-compliance-engine/experiments/output/artifact_bundle_replay_artifacts/missing_evidence_pack/rep_11_abr-missing_-0087,BLOCKED,BLOCKED,True
abr-missing_-0088,missing_evidence_pack,/Users/monikadvorackova/projekty/aigov-compliance-engine/aigov-compliance-engine/experiments/output/artifact_bundle_replay_artifacts/missing_evidence_pack/rep_12_abr-missing_-0088,BLOCKED,BLOCKED,True
abr-missing_-0089,missing_evidence_pack,/Users/monikadvorackova/projekty/aigov-compliance-engine/aigov-compliance-engine/experiments/output/artifact_bundle_replay_artifacts/missing_evidence_pack/rep_13_abr-missing_-0089,BLOCKED,BLOCKED,True
abr-missing_-0090,missing_evidence_pack,/Users/monikadvorackova/projekty/aigov-compliance-engine/aigov-compliance-engine/experiments/output/artifact_bundle_replay_artifacts/missing_evidence_pack/rep_14_abr-missing_-0090,BLOCKED,BLOCKED,True
abr-missing_-0091,missing_evidence_pack,/Users/monikadvorackova/projekty/aigov-compliance-engine/aigov-compliance-engine/experiments/output/artifact_bundle_replay_artifacts/missing_evidence_pack/rep_15_abr-missing_-0091,BLOCKED,BLOCKED,True
abr-missing_-0092,missing_evidence_pack,/Users/monikadvorackova/projekty/aigov-compliance-engine/aigov-compliance-engine/experiments/output/artifact_bundle_replay_artifacts/missing_evidence_pack/rep_16_abr-missing_-0092,BLOCKED,BLOCKED,True
abr-missing_-0093,missing_evidence_pack,/Users/monikadvorackova/projekty/aigov-compliance-engine/aigov-compliance-engine/experiments/output/artifact_bundle_replay_artifacts/missing_evidence_pack/rep_17_abr-missing_-0093,BLOCKED,BLOCKED,True
abr-missing_-0094,missing_evidence_pack,/Users/monikadvorackova/projekty/aigov-compliance-engine/aigov-compliance-engine/experiments/output/artifact_bundle_replay_artifacts/missing_evidence_pack/rep_18_abr-missing_-0094,BLOCKED,BLOCKED,True
abr-missing_-0095,missing_evidence_pack,/Users/monikadvorackova/projekty/aigov-compliance-engine/aigov-compliance-engine/experiments/output/artifact_bundle_replay_artifacts/missing_evidence_pack/rep_19_abr-missing_-0095,BLOCKED,BLOCKED,True
abr-missing_-0096,missing_evidence_pack,/Users/monikadvorackova/projekty/aigov-compliance-engine/aigov-compliance-engine/experiments/output/artifact_bundle_replay_artifacts/missing_evidence_pack/rep_20_abr-missing_-0096,BLOCKED,BLOCKED,True
abr-missing_-0097,missing_evidence_pack,/Users/monikadvorackova/projekty/aigov-compliance-engine/aigov-compliance-engine/experiments/output/artifact_bundle_replay_artifacts/missing_evidence_pack/rep_21_abr-missing_-0097,BLOCKED,BLOCKED,True
abr-missing_-0098,missing_evidence_pack,/Users/monikadvorackova/projekty/aigov-compliance-engine/aigov-compliance-engine/experiments/output/artifact_bundle_replay_artifacts/missing_evidence_pack/rep_22_abr-missing_-0098,BLOCKED,BLOCKED,True
abr-missing_-0099,missing_evidence_pack,/Users/monikadvorackova/projekty/aigov-compliance-engine/aigov-compliance-engine/experiments/output/artifact_bundle_replay_artifacts/missing_evidence_pack/rep_23_abr-missing_-0099,BLOCKED,BLOCKED,True
abr-missing_-0100,missing_evidence_pack,/Users/monikadvorackova/projekty/aigov-compliance-engine/aigov-compliance-engine/experiments/output/artifact_bundle_replay_artifacts/missing_evidence_pack/rep_24_abr-missing_-0100,BLOCKED,BLOCKED,True
abr-failed_c-0101,failed_compliance_evaluation,/Users/monikadvorackova/projekty/aigov-compliance-engine/aigov-compliance-engine/experiments/output/artifact_bundle_replay_artifacts/failed_compliance_evaluation/rep_00_abr-failed_c-0101,INVALID,INVALID,True
abr-failed_c-0102,failed_compliance_evaluation,/Users/monikadvorackova/projekty/aigov-compliance-engine/aigov-compliance-engine/experiments/output/artifact_bundle_replay_artifacts/failed_compliance_evaluation/rep_01_abr-failed_c-0102,INVALID,INVALID,True
abr-failed_c-0103,failed_compliance_evaluation,/Users/monikadvorackova/projekty/aigov-compliance-engine/aigov-compliance-engine/experiments/output/artifact_bundle_replay_artifacts/failed_compliance_evaluation/rep_02_abr-failed_c-0103,INVALID,INVALID,True
abr-failed_c-0104,failed_compliance_evaluation,/Users/monikadvorackova/projekty/aigov-compliance-engine/aigov-compliance-engine/experiments/output/artifact_bundle_replay_artifacts/failed_compliance_evaluation/rep_03_abr-failed_c-0104,INVALID,INVALID,True
abr-failed_c-0105,failed_compliance_evaluation,/Users/monikadvorackova/projekty/aigov-compliance-engine/aigov-compliance-engine/experiments/output/artifact_bundle_replay_artifacts/failed_compliance_evaluation/rep_04_abr-failed_c-0105,INVALID,INVALID,True
abr-failed_c-0106,failed_compliance_evaluation,/Users/monikadvorackova/projekty/aigov-compliance-engine/aigov-compliance-engine/experiments/output/artifact_bundle_replay_artifacts/failed_compliance_evaluation/rep_05_abr-failed_c-0106,INVALID,INVALID,True
abr-failed_c-0107,failed_compliance_evaluation,/Users/monikadvorackova/projekty/aigov-compliance-engine/aigov-compliance-engine/experiments/output/artifact_bundle_replay_artifacts/failed_compliance_evaluation/rep_06_abr-failed_c-0107,INVALID,INVALID,True
abr-failed_c-0108,failed_compliance_evaluation,/Users/monikadvorackova/projekty/aigov-compliance-engine/aigov-compliance-engine/experiments/output/artifact_bundle_replay_artifacts/failed_compliance_evaluation/rep_07_abr-failed_c-0108,INVALID,INVALID,True
abr-failed_c-0109,failed_compliance_evaluation,/Users/monikadvorackova/projekty/aigov-compliance-engine/aigov-compliance-engine/experiments/output/artifact_bundle_replay_artifacts/failed_compliance_evaluation/rep_08_abr-failed_c-0109,INVALID,INVALID,True
abr-failed_c-0110,failed_compliance_evaluation,/Users/monikadvorackova/projekty/aigov-compliance-engine/aigov-compliance-engine/experiments/output/artifact_bundle_replay_artifacts/failed_compliance_evaluation/rep_09_abr-failed_c-0110,INVALID,INVALID,True
abr-failed_c-0111,failed_compliance_evaluation,/Users/monikadvorackova/projekty/aigov-compliance-engine/aigov-compliance-engine/experiments/output/artifact_bundle_replay_artifacts/failed_compliance_evaluation/rep_10_abr-failed_c-0111,INVALID,INVALID,True
abr-failed_c-0112,failed_compliance_evaluation,/Users/monikadvorackova/projekty/aigov-compliance-engine/aigov-compliance-engine/experiments/output/artifact_bundle_replay_artifacts/failed_compliance_evaluation/rep_11_abr-failed_c-0112,INVALID,INVALID,True
abr-failed_c-0113,failed_compliance_evaluation,/Users/monikadvorackova/projekty/aigov-compliance-engine/aigov-compliance-engine/experiments/output/artifact_bundle_replay_artifacts/failed_compliance_evaluation/rep_12_abr-failed_c-0113,INVALID,INVALID,True
abr-failed_c-0114,failed_compliance_evaluation,/Users/monikadvorackova/projekty/aigov-compliance-engine/aigov-compliance-engine/experiments/output/artifact_bundle_replay_artifacts/failed_compliance_evaluation/rep_13_abr-failed_c-0114,INVALID,INVALID,True
abr-failed_c-0115,failed_compliance_evaluation,/Users/monikadvorackova/projekty/aigov-compliance-engine/aigov-compliance-engine/experiments/output/artifact_bundle_replay_artifacts/failed_compliance_evaluation/rep_14_abr-failed_c-0115,INVALID,INVALID,True
abr-failed_c-0116,failed_compliance_evaluation,/Users/monikadvorackova/projekty/aigov-compliance-engine/aigov-compliance-engine/experiments/output/artifact_bundle_replay_artifacts/failed_compliance_evaluation/rep_15_abr-failed_c-0116,INVALID,INVALID,True
abr-failed_c-0117,failed_compliance_evaluation,/Users/monikadvorackova/projekty/aigov-compliance-engine/aigov-compliance-engine/experiments/output/artifact_bundle_replay_artifacts/failed_compliance_evaluation/rep_16_abr-failed_c-0117,INVALID,INVALID,True
abr-failed_c-0118,failed_compliance_evaluation,/Users/monikadvorackova/projekty/aigov-compliance-engine/aigov-compliance-engine/experiments/output/artifact_bundle_replay_artifacts/failed_compliance_evaluation/rep_17_abr-failed_c-0118,INVALID,INVALID,True
abr-failed_c-0119,failed_compliance_evaluation,/Users/monikadvorackova/projekty/aigov-compliance-engine/aigov-compliance-engine/experiments/output/artifact_bundle_replay_artifacts/failed_compliance_evaluation/rep_18_abr-failed_c-0119,INVALID,INVALID,True
abr-failed_c-0120,failed_compliance_evaluation,/Users/monikadvorackova/projekty/aigov-compliance-engine/aigov-compliance-engine/experiments/output/artifact_bundle_replay_artifacts/failed_compliance_evaluation/rep_19_abr-failed_c-0120,INVALID,INVALID,True
abr-failed_c-0121,failed_compliance_evaluation,/Users/monikadvorackova/projekty/aigov-compliance-engine/aigov-compliance-engine/experiments/output/artifact_bundle_replay_artifacts/failed_compliance_evaluation/rep_20_abr-failed_c-0121,INVALID,INVALID,True
abr-failed_c-0122,failed_compliance_evaluation,/Users/monikadvorackova/projekty/aigov-compliance-engine/aigov-compliance-engine/experiments/output/artifact_bundle_replay_artifacts/failed_compliance_evaluation/rep_21_abr-failed_c-0122,INVALID,INVALID,True
abr-failed_c-0123,failed_compliance_evaluation,/Users/monikadvorackova/projekty/aigov-compliance-engine/aigov-compliance-engine/experiments/output/artifact_bundle_replay_artifacts/failed_compliance_evaluation/rep_22_abr-failed_c-0123,INVALID,INVALID,True
abr-failed_c-0124,failed_compliance_evaluation,/Users/monikadvorackova/projekty/aigov-compliance-engine/aigov-compliance-engine/experiments/output/artifact_bundle_replay_artifacts/failed_compliance_evaluation/rep_23_abr-failed_c-0124,INVALID,INVALID,True
abr-failed_c-0125,failed_compliance_evaluation,/Users/monikadvorackova/projekty/aigov-compliance-engine/aigov-compliance-engine/experiments/output/artifact_bundle_replay_artifacts/failed_compliance_evaluation/rep_24_abr-failed_c-0125,INVALID,INVALID,True
abr-missing_-0126,missing_approval_record,/Users/monikadvorackova/projekty/aigov-compliance-engine/aigov-compliance-engine/experiments/output/artifact_bundle_replay_artifacts/missing_approval_record/rep_00_abr-missing_-0126,BLOCKED,BLOCKED,True
abr-missing_-0127,missing_approval_record,/Users/monikadvorackova/projekty/aigov-compliance-engine/aigov-compliance-engine/experiments/output/artifact_bundle_replay_artifacts/missing_approval_record/rep_01_abr-missing_-0127,BLOCKED,BLOCKED,True
abr-missing_-0128,missing_approval_record,/Users/monikadvorackova/projekty/aigov-compliance-engine/aigov-compliance-engine/experiments/output/artifact_bundle_replay_artifacts/missing_approval_record/rep_02_abr-missing_-0128,BLOCKED,BLOCKED,True
abr-missing_-0129,missing_approval_record,/Users/monikadvorackova/projekty/aigov-compliance-engine/aigov-compliance-engine/experiments/output/artifact_bundle_replay_artifacts/missing_approval_record/rep_03_abr-missing_-0129,BLOCKED,BLOCKED,True
abr-missing_-0130,missing_approval_record,/Users/monikadvorackova/projekty/aigov-compliance-engine/aigov-compliance-engine/experiments/output/artifact_bundle_replay_artifacts/missing_approval_record/rep_04_abr-missing_-0130,BLOCKED,BLOCKED,True
abr-missing_-0131,missing_approval_record,/Users/monikadvorackova/projekty/aigov-compliance-engine/aigov-compliance-engine/experiments/output/artifact_bundle_replay_artifacts/missing_approval_record/rep_05_abr-missing_-0131,BLOCKED,BLOCKED,True
abr-missing_-0132,missing_approval_record,/Users/monikadvorackova/projekty/aigov-compliance-engine/aigov-compliance-engine/experiments/output/artifact_bundle_replay_artifacts/missing_approval_record/rep_06_abr-missing_-0132,BLOCKED,BLOCKED,True
abr-missing_-0133,missing_approval_record,/Users/monikadvorackova/projekty/aigov-compliance-engine/aigov-compliance-engine/experiments/output/artifact_bundle_replay_artifacts/missing_approval_record/rep_07_abr-missing_-0133,BLOCKED,BLOCKED,True
abr-missing_-0134,missing_approval_record,/Users/monikadvorackova/projekty/aigov-compliance-engine/aigov-compliance-engine/experiments/output/artifact_bundle_replay_artifacts/missing_approval_record/rep_08_abr-missing_-0134,BLOCKED,BLOCKED,True
abr-missing_-0135,missing_approval_record,/Users/monikadvorackova/projekty/aigov-compliance-engine/aigov-compliance-engine/experiments/output/artifact_bundle_replay_artifacts/missing_approval_record/rep_09_abr-missing_-0135,BLOCKED,BLOCKED,True
abr-missing_-0136,missing_approval_record,/Users/monikadvorackova/projekty/aigov-compliance-engine/aigov-compliance-engine/experiments/output/artifact_bundle_replay_artifacts/missing_approval_record/rep_10_abr-missing_-0136,BLOCKED,BLOCKED,True
abr-missing_-0137,missing_approval_record,/Users/monikadvorackova/projekty/aigov-compliance-engine/aigov-compliance-engine/experiments/output/artifact_bundle_replay_artifacts/missing_approval_record/rep_11_abr-missing_-0137,BLOCKED,BLOCKED,True
abr-missing_-0138,missing_approval_record,/Users/monikadvorackova/projekty/aigov-compliance-engine/aigov-compliance-engine/experiments/output/artifact_bundle_replay_artifacts/missing_approval_record/rep_12_abr-missing_-0138,BLOCKED,BLOCKED,True
abr-missing_-0139,missing_approval_record,/Users/monikadvorackova/projekty/aigov-compliance-engine/aigov-compliance-engine/experiments/output/artifact_bundle_replay_artifacts/missing_approval_record/rep_13_abr-missing_-0139,BLOCKED,BLOCKED,True
abr-missing_-0140,missing_approval_record,/Users/monikadvorackova/projekty/aigov-compliance-engine/aigov-compliance-engine/experiments/output/artifact_bundle_replay_artifacts/missing_approval_record/rep_14_abr-missing_-0140,BLOCKED,BLOCKED,True
abr-missing_-0141,missing_approval_record,/Users/monikadvorackova/projekty/aigov-compliance-engine/aigov-compliance-engine/experiments/output/artifact_bundle_replay_artifacts/missing_approval_record/rep_15_abr-missing_-0141,BLOCKED,BLOCKED,True
abr-missing_-0142,missing_approval_record,/Users/monikadvorackova/projekty/aigov-compliance-engine/aigov-compliance-engine/experiments/output/artifact_bundle_replay_artifacts/missing_approval_record/rep_16_abr-missing_-0142,BLOCKED,BLOCKED,True
abr-missing_-0143,missing_approval_record,/Users/monikadvorackova/projekty/aigov-compliance-engine/aigov-compliance-engine/experiments/output/artifact_bundle_replay_artifacts/missing_approval_record/rep_17_abr-missing_-0143,BLOCKED,BLOCKED,True
abr-missing_-0144,missing_approval_record,/Users/monikadvorackova/projekty/aigov-compliance-engine/aigov-compliance-engine/experiments/output/artifact_bundle_replay_artifacts/missing_approval_record/rep_18_abr-missing_-0144,BLOCKED,BLOCKED,True
abr-missing_-0145,missing_approval_record,/Users/monikadvorackova/projekty/aigov-compliance-engine/aigov-compliance-engine/experiments/output/artifact_bundle_replay_artifacts/missing_approval_record/rep_19_abr-missing_-0145,BLOCKED,BLOCKED,True
abr-missing_-0146,missing_approval_record,/Users/monikadvorackova/projekty/aigov-compliance-engine/aigov-compliance-engine/experiments/output/artifact_bundle_replay_artifacts/missing_approval_record/rep_20_abr-missing_-0146,BLOCKED,BLOCKED,True
abr-missing_-0147,missing_approval_record,/Users/monikadvorackova/projekty/aigov-compliance-engine/aigov-compliance-engine/experiments/output/artifact_bundle_replay_artifacts/missing_approval_record/rep_21_abr-missing_-0147,BLOCKED,BLOCKED,True
abr-missing_-0148,missing_approval_record,/Users/monikadvorackova/projekty/aigov-compliance-engine/aigov-compliance-engine/experiments/output/artifact_bundle_replay_artifacts/missing_approval_record/rep_22_abr-missing_-0148,BLOCKED,BLOCKED,True
abr-missing_-0149,missing_approval_record,/Users/monikadvorackova/projekty/aigov-compliance-engine/aigov-compliance-engine/experiments/output/artifact_bundle_replay_artifacts/missing_approval_record/rep_23_abr-missing_-0149,BLOCKED,BLOCKED,True
abr-missing_-0150,missing_approval_record,/Users/monikadvorackova/projekty/aigov-compliance-engine/aigov-compliance-engine/experiments/output/artifact_bundle_replay_artifacts/missing_approval_record/rep_24_abr-missing_-0150,BLOCKED,BLOCKED,True
abr-reordere-0151,reordered_required_events,/Users/monikadvorackova/projekty/aigov-compliance-engine/aigov-compliance-engine/experiments/output/artifact_bundle_replay_artifacts/reordered_required_events/rep_00_abr-reordere-0151,VALID,VALID,True
abr-reordere-0152,reordered_required_events,/Users/monikadvorackova/projekty/aigov-compliance-engine/aigov-compliance-engine/experiments/output/artifact_bundle_replay_artifacts/reordered_required_events/rep_01_abr-reordere-0152,VALID,VALID,True
abr-reordere-0153,reordered_required_events,/Users/monikadvorackova/projekty/aigov-compliance-engine/aigov-compliance-engine/experiments/output/artifact_bundle_replay_artifacts/reordered_required_events/rep_02_abr-reordere-0153,VALID,VALID,True
abr-reordere-0154,reordered_required_events,/Users/monikadvorackova/projekty/aigov-compliance-engine/aigov-compliance-engine/experiments/output/artifact_bundle_replay_artifacts/reordered_required_events/rep_03_abr-reordere-0154,VALID,VALID,True
abr-reordere-0155,reordered_required_events,/Users/monikadvorackova/projekty/aigov-compliance-engine/aigov-compliance-engine/experiments/output/artifact_bundle_replay_artifacts/reordered_required_events/rep_04_abr-reordere-0155,VALID,VALID,True
abr-reordere-0156,reordered_required_events,/Users/monikadvorackova/projekty/aigov-compliance-engine/aigov-compliance-engine/experiments/output/artifact_bundle_replay_artifacts/reordered_required_events/rep_05_abr-reordere-0156,VALID,VALID,True
abr-reordere-0157,reordered_required_events,/Users/monikadvorackova/projekty/aigov-compliance-engine/aigov-compliance-engine/experiments/output/artifact_bundle_replay_artifacts/reordered_required_events/rep_06_abr-reordere-0157,VALID,VALID,True
abr-reordere-0158,reordered_required_events,/Users/monikadvorackova/projekty/aigov-compliance-engine/aigov-compliance-engine/experiments/output/artifact_bundle_replay_artifacts/reordered_required_events/rep_07_abr-reordere-0158,VALID,VALID,True
abr-reordere-0159,reordered_required_events,/Users/monikadvorackova/projekty/aigov-compliance-engine/aigov-compliance-engine/experiments/output/artifact_bundle_replay_artifacts/reordered_required_events/rep_08_abr-reordere-0159,VALID,VALID,True
abr-reordere-0160,reordered_required_events,/Users/monikadvorackova/projekty/aigov-compliance-engine/aigov-compliance-engine/experiments/output/artifact_bundle_replay_artifacts/reordered_required_events/rep_09_abr-reordere-0160,VALID,VALID,True
abr-reordere-0161,reordered_required_events,/Users/monikadvorackova/projekty/aigov-compliance-engine/aigov-compliance-engine/experiments/output/artifact_bundle_replay_artifacts/reordered_required_events/rep_10_abr-reordere-0161,VALID,VALID,True
abr-reordere-0162,reordered_required_events,/Users/monikadvorackova/projekty/aigov-compliance-engine/aigov-compliance-engine/experiments/output/artifact_bundle_replay_artifacts/reordered_required_events/rep_11_abr-reordere-0162,VALID,VALID,True
abr-reordere-0163,reordered_required_events,/Users/monikadvorackova/projekty/aigov-compliance-engine/aigov-compliance-engine/experiments/output/artifact_bundle_replay_artifacts/reordered_required_events/rep_12_abr-reordere-0163,VALID,VALID,True
abr-reordere-0164,reordered_required_events,/Users/monikadvorackova/projekty/aigov-compliance-engine/aigov-compliance-engine/experiments/output/artifact_bundle_replay_artifacts/reordered_required_events/rep_13_abr-reordere-0164,VALID,VALID,True
abr-reordere-0165,reordered_required_events,/Users/monikadvorackova/projekty/aigov-compliance-engine/aigov-compliance-engine/experiments/output/artifact_bundle_replay_artifacts/reordered_required_events/rep_14_abr-reordere-0165,VALID,VALID,True
abr-reordere-0166,reordered_required_events,/Users/monikadvorackova/projekty/aigov-compliance-engine/aigov-compliance-engine/experiments/output/artifact_bundle_replay_artifacts/reordered_required_events/rep_15_abr-reordere-0166,VALID,VALID,True
abr-reordere-0167,reordered_required_events,/Users/monikadvorackova/projekty/aigov-compliance-engine/aigov-compliance-engine/experiments/output/artifact_bundle_replay_artifacts/reordered_required_events/rep_16_abr-reordere-0167,VALID,VALID,True
abr-reordere-0168,reordered_required_events,/Users/monikadvorackova/projekty/aigov-compliance-engine/aigov-compliance-engine/experiments/output/artifact_bundle_replay_artifacts/reordered_required_events/rep_17_abr-reordere-0168,VALID,VALID,True
abr-reordere-0169,reordered_required_events,/Users/monikadvorackova/projekty/aigov-compliance-engine/aigov-compliance-engine/experiments/output/artifact_bundle_replay_artifacts/reordered_required_events/rep_18_abr-reordere-0169,VALID,VALID,True
abr-reordere-0170,reordered_required_events,/Users/monikadvorackova/projekty/aigov-compliance-engine/aigov-compliance-engine/experiments/output/artifact_bundle_replay_artifacts/reordered_required_events/rep_19_abr-reordere-0170,VALID,VALID,True
abr-reordere-0171,reordered_required_events,/Users/monikadvorackova/projekty/aigov-compliance-engine/aigov-compliance-engine/experiments/output/artifact_bundle_replay_artifacts/reordered_required_events/rep_20_abr-reordere-0171,VALID,VALID,True
abr-reordere-0172,reordered_required_events,/Users/monikadvorackova/projekty/aigov-compliance-engine/aigov-compliance-engine/experiments/output/artifact_bundle_replay_artifacts/reordered_required_events/rep_21_abr-reordere-0172,VALID,VALID,True
abr-reordere-0173,reordered_required_events,/Users/monikadvorackova/projekty/aigov-compliance-engine/aigov-compliance-engine/experiments/output/artifact_bundle_replay_artifacts/reordered_required_events/rep_22_abr-reordere-0173,VALID,VALID,True
abr-reordere-0174,reordered_required_events,/Users/monikadvorackova/projekty/aigov-compliance-engine/aigov-compliance-engine/experiments/output/artifact_bundle_replay_artifacts/reordered_required_events/rep_23_abr-reordere-0174,VALID,VALID,True
abr-reordere-0175,reordered_required_events,/Users/monikadvorackova/projekty/aigov-compliance-engine/aigov-compliance-engine/experiments/output/artifact_bundle_replay_artifacts/reordered_required_events/rep_24_abr-reordere-0175,VALID,VALID,True
abr-policy_v-0176,policy_version_mismatch,/Users/monikadvorackova/projekty/aigov-compliance-engine/aigov-compliance-engine/experiments/output/artifact_bundle_replay_artifacts/policy_version_mismatch/rep_00_abr-policy_v-0176,BLOCKED,BLOCKED,True
abr-policy_v-0177,policy_version_mismatch,/Users/monikadvorackova/projekty/aigov-compliance-engine/aigov-compliance-engine/experiments/output/artifact_bundle_replay_artifacts/policy_version_mismatch/rep_01_abr-policy_v-0177,BLOCKED,BLOCKED,True
abr-policy_v-0178,policy_version_mismatch,/Users/monikadvorackova/projekty/aigov-compliance-engine/aigov-compliance-engine/experiments/output/artifact_bundle_replay_artifacts/policy_version_mismatch/rep_02_abr-policy_v-0178,BLOCKED,BLOCKED,True
abr-policy_v-0179,policy_version_mismatch,/Users/monikadvorackova/projekty/aigov-compliance-engine/aigov-compliance-engine/experiments/output/artifact_bundle_replay_artifacts/policy_version_mismatch/rep_03_abr-policy_v-0179,BLOCKED,BLOCKED,True
abr-policy_v-0180,policy_version_mismatch,/Users/monikadvorackova/projekty/aigov-compliance-engine/aigov-compliance-engine/experiments/output/artifact_bundle_replay_artifacts/policy_version_mismatch/rep_04_abr-policy_v-0180,BLOCKED,BLOCKED,True
abr-policy_v-0181,policy_version_mismatch,/Users/monikadvorackova/projekty/aigov-compliance-engine/aigov-compliance-engine/experiments/output/artifact_bundle_replay_artifacts/policy_version_mismatch/rep_05_abr-policy_v-0181,BLOCKED,BLOCKED,True
abr-policy_v-0182,policy_version_mismatch,/Users/monikadvorackova/projekty/aigov-compliance-engine/aigov-compliance-engine/experiments/output/artifact_bundle_replay_artifacts/policy_version_mismatch/rep_06_abr-policy_v-0182,BLOCKED,BLOCKED,True
abr-policy_v-0183,policy_version_mismatch,/Users/monikadvorackova/projekty/aigov-compliance-engine/aigov-compliance-engine/experiments/output/artifact_bundle_replay_artifacts/policy_version_mismatch/rep_07_abr-policy_v-0183,BLOCKED,BLOCKED,True
abr-policy_v-0184,policy_version_mismatch,/Users/monikadvorackova/projekty/aigov-compliance-engine/aigov-compliance-engine/experiments/output/artifact_bundle_replay_artifacts/policy_version_mismatch/rep_08_abr-policy_v-0184,BLOCKED,BLOCKED,True
abr-policy_v-0185,policy_version_mismatch,/Users/monikadvorackova/projekty/aigov-compliance-engine/aigov-compliance-engine/experiments/output/artifact_bundle_replay_artifacts/policy_version_mismatch/rep_09_abr-policy_v-0185,BLOCKED,BLOCKED,True
abr-policy_v-0186,policy_version_mismatch,/Users/monikadvorackova/projekty/aigov-compliance-engine/aigov-compliance-engine/experiments/output/artifact_bundle_replay_artifacts/policy_version_mismatch/rep_10_abr-policy_v-0186,BLOCKED,BLOCKED,True
abr-policy_v-0187,policy_version_mismatch,/Users/monikadvorackova/projekty/aigov-compliance-engine/aigov-compliance-engine/experiments/output/artifact_bundle_replay_artifacts/policy_version_mismatch/rep_11_abr-policy_v-0187,BLOCKED,BLOCKED,True
abr-policy_v-0188,policy_version_mismatch,/Users/monikadvorackova/projekty/aigov-compliance-engine/aigov-compliance-engine/experiments/output/artifact_bundle_replay_artifacts/policy_version_mismatch/rep_12_abr-policy_v-0188,BLOCKED,BLOCKED,True
abr-policy_v-0189,policy_version_mismatch,/Users/monikadvorackova/projekty/aigov-compliance-engine/aigov-compliance-engine/experiments/output/artifact_bundle_replay_artifacts/policy_version_mismatch/rep_13_abr-policy_v-0189,BLOCKED,BLOCKED,True
abr-policy_v-0190,policy_version_mismatch,/Users/monikadvorackova/projekty/aigov-compliance-engine/aigov-compliance-engine/experiments/output/artifact_bundle_replay_artifacts/policy_version_mismatch/rep_14_abr-policy_v-0190,BLOCKED,BLOCKED,True
abr-policy_v-0191,policy_version_mismatch,/Users/monikadvorackova/projekty/aigov-compliance-engine/aigov-compliance-engine/experiments/output/artifact_bundle_replay_artifacts/policy_version_mismatch/rep_15_abr-policy_v-0191,BLOCKED,BLOCKED,True
abr-policy_v-0192,policy_version_mismatch,/Users/monikadvorackova/projekty/aigov-compliance-engine/aigov-compliance-engine/experiments/output/artifact_bundle_replay_artifacts/policy_version_mismatch/rep_16_abr-policy_v-0192,BLOCKED,BLOCKED,True
abr-policy_v-0193,policy_version_mismatch,/Users/monikadvorackova/projekty/aigov-compliance-engine/aigov-compliance-engine/experiments/output/artifact_bundle_replay_artifacts/policy_version_mismatch/rep_17_abr-policy_v-0193,BLOCKED,BLOCKED,True
abr-policy_v-0194,policy_version_mismatch,/Users/monikadvorackova/projekty/aigov-compliance-engine/aigov-compliance-engine/experiments/output/artifact_bundle_replay_artifacts/policy_version_mismatch/rep_18_abr-policy_v-0194,BLOCKED,BLOCKED,True
abr-policy_v-0195,policy_version_mismatch,/Users/monikadvorackova/projekty/aigov-compliance-engine/aigov-compliance-engine/experiments/output/artifact_bundle_replay_artifacts/policy_version_mismatch/rep_19_abr-policy_v-0195,BLOCKED,BLOCKED,True
abr-policy_v-0196,policy_version_mismatch,/Users/monikadvorackova/projekty/aigov-compliance-engine/aigov-compliance-engine/experiments/output/artifact_bundle_replay_artifacts/policy_version_mismatch/rep_20_abr-policy_v-0196,BLOCKED,BLOCKED,True
abr-policy_v-0197,policy_version_mismatch,/Users/monikadvorackova/projekty/aigov-compliance-engine/aigov-compliance-engine/experiments/output/artifact_bundle_replay_artifacts/policy_version_mismatch/rep_21_abr-policy_v-0197,BLOCKED,BLOCKED,True
abr-policy_v-0198,policy_version_mismatch,/Users/monikadvorackova/projekty/aigov-compliance-engine/aigov-compliance-engine/experiments/output/artifact_bundle_replay_artifacts/policy_version_mismatch/rep_22_abr-policy_v-0198,BLOCKED,BLOCKED,True
abr-policy_v-0199,policy_version_mismatch,/Users/monikadvorackova/projekty/aigov-compliance-engine/aigov-compliance-engine/experiments/output/artifact_bundle_replay_artifacts/policy_version_mismatch/rep_23_abr-policy_v-0199,BLOCKED,BLOCKED,True
abr-policy_v-0200,policy_version_mismatch,/Users/monikadvorackova/projekty/aigov-compliance-engine/aigov-compliance-engine/experiments/output/artifact_bundle_replay_artifacts/policy_version_mismatch/rep_24_abr-policy_v-0200,BLOCKED,BLOCKED,True
